fips,region,naics,industry,time,ba,bf,avg_speed_annual
01,Alabama,00,Total for All NAICS,2004,,,
01,Alabama,00,Total for All NAICS,2005,31439.0,5869.0,1.2299710342477423
01,Alabama,00,Total for All NAICS,2006,33976.0,5588.0,1.224547244094488
01,Alabama,00,Total for All NAICS,2007,33902.0,5050.0,1.2490376237623761
01,Alabama,00,Total for All NAICS,2008,31758.0,3921.0,1.3030349400663095
01,Alabama,00,Total for All NAICS,2009,29537.0,3562.0,1.391583380123526
01,Alabama,00,Total for All NAICS,2010,30249.0,3661.0,1.4760611854684513
01,Alabama,00,Total for All NAICS,2011,29313.0,3542.0,1.545590062111801
01,Alabama,00,Total for All NAICS,2012,29997.0,3438.0,1.5495317044793484
01,Alabama,00,Total for All NAICS,2013,29545.0,3371.0,1.6681696825867693
01,Alabama,00,Total for All NAICS,2014,29267.0,3465.0,1.7076969696969697
01,Alabama,00,Total for All NAICS,2015,31854.0,3532.0,1.7675594563986412
01,Alabama,00,Total for All NAICS,2016,34751.0,3495.0,1.7707725321888412
01,Alabama,00,Total for All NAICS,2017,37085.0,3544.0,1.899492099322799
01,Alabama,00,Total for All NAICS,2018,42206.0,3874.0,
01,Alabama,00,Total for All NAICS,2019,41516.0,3805.0,
01,Alabama,00,Total for All NAICS,2020,59961.0,4478.0,
01,Alabama,00,Total for All NAICS,2021,75215.0,5947.0,
01,Alabama,00,Total for All NAICS,2022,,,
02,Alaska,00,Total for All NAICS,2004,,,
02,Alaska,00,Total for All NAICS,2005,4770.0,,
02,Alaska,00,Total for All NAICS,2006,5218.0,,
02,Alaska,00,Total for All NAICS,2007,5197.0,,
02,Alaska,00,Total for All NAICS,2008,4902.0,,
02,Alaska,00,Total for All NAICS,2009,4452.0,,
02,Alaska,00,Total for All NAICS,2010,4698.0,,
02,Alaska,00,Total for All NAICS,2011,5143.0,,
02,Alaska,00,Total for All NAICS,2012,5255.0,,
02,Alaska,00,Total for All NAICS,2013,5386.0,,
02,Alaska,00,Total for All NAICS,2014,5394.0,,
02,Alaska,00,Total for All NAICS,2015,5970.0,,
02,Alaska,00,Total for All NAICS,2016,6381.0,,
02,Alaska,00,Total for All NAICS,2017,7379.0,,
02,Alaska,00,Total for All NAICS,2018,9219.0,969.0,
02,Alaska,00,Total for All NAICS,2019,8183.0,996.0,
02,Alaska,00,Total for All NAICS,2020,7973.0,955.0,
02,Alaska,00,Total for All NAICS,2021,8088.0,1033.0,
02,Alaska,00,Total for All NAICS,2022,,,
04,Arizona,00,Total for All NAICS,2004,,,
04,Arizona,00,Total for All NAICS,2005,57238.0,11549.0,1.6244211620053683
04,Arizona,00,Total for All NAICS,2006,63287.0,10933.0,1.6659023140949416
04,Arizona,00,Total for All NAICS,2007,65120.0,9386.0,1.6391274238227147
04,Arizona,00,Total for All NAICS,2008,62162.0,6923.0,1.6935403726708074
04,Arizona,00,Total for All NAICS,2009,58679.0,6287.0,1.8654747892476538
04,Arizona,00,Total for All NAICS,2010,58445.0,6355.0,1.8046766325727772
04,Arizona,00,Total for All NAICS,2011,58289.0,6153.0,1.8525776044206077
04,Arizona,00,Total for All NAICS,2012,55708.0,5949.0,1.8445789208270298
04,Arizona,00,Total for All NAICS,2013,55948.0,6089.0,1.9557743471834454
04,Arizona,00,Total for All NAICS,2014,55812.0,6129.0,2.038932941752325
04,Arizona,00,Total for All NAICS,2015,57721.0,6346.0,2.1334714780964386
04,Arizona,00,Total for All NAICS,2016,61938.0,6521.0,2.137281091857077
04,Arizona,00,Total for All NAICS,2017,68148.0,6832.0,2.1932596604215457
04,Arizona,00,Total for All NAICS,2018,74005.0,7295.0,
04,Arizona,00,Total for All NAICS,2019,76738.0,7637.0,
04,Arizona,00,Total for All NAICS,2020,89670.0,8191.0,
04,Arizona,00,Total for All NAICS,2021,113409.0,10651.0,
04,Arizona,00,Total for All NAICS,2022,,,
05,Arkansas,00,Total for All NAICS,2004,,,
05,Arkansas,00,Total for All NAICS,2005,19260.0,3888.0,1.1931018518518517
05,Arkansas,00,Total for All NAICS,2006,20436.0,3736.0,1.3452569593147752
05,Arkansas,00,Total for All NAICS,2007,19844.0,3477.0,1.2570319240724763
05,Arkansas,00,Total for All NAICS,2008,18478.0,2786.0,1.2720746590093324
05,Arkansas,00,Total for All NAICS,2009,18092.0,2570.0,1.4149455252918288
05,Arkansas,00,Total for All NAICS,2010,18011.0,2577.0,1.4828870779976717
05,Arkansas,00,Total for All NAICS,2011,18147.0,2562.0,1.4994028103044497
05,Arkansas,00,Total for All NAICS,2012,18070.0,2540.0,1.4321299212598426
05,Arkansas,00,Total for All NAICS,2013,17650.0,2508.0,1.480757575757576
05,Arkansas,00,Total for All NAICS,2014,18260.0,2536.0,1.7217981072555204
05,Arkansas,00,Total for All NAICS,2015,19268.0,2630.0,1.6869733840304182
05,Arkansas,00,Total for All NAICS,2016,20658.0,2568.0,1.7584112149532711
05,Arkansas,00,Total for All NAICS,2017,23298.0,2682.0,1.7796196868008947
05,Arkansas,00,Total for All NAICS,2018,25856.0,2913.0,
05,Arkansas,00,Total for All NAICS,2019,25544.0,2805.0,
05,Arkansas,00,Total for All NAICS,2020,32610.0,3139.0,
05,Arkansas,00,Total for All NAICS,2021,41471.0,4098.0,
05,Arkansas,00,Total for All NAICS,2022,,,
06,California,00,Total for All NAICS,2004,,,
06,California,00,Total for All NAICS,2005,274214.0,65164.0,1.4599215824688478
06,California,00,Total for All NAICS,2006,287192.0,60296.0,1.5147067798858964
06,California,00,Total for All NAICS,2007,288549.0,54665.0,1.482526296533431
06,California,00,Total for All NAICS,2008,267013.0,45774.0,1.552603006073317
06,California,00,Total for All NAICS,2009,251359.0,41635.0,1.699382250510388
06,California,00,Total for All NAICS,2010,258690.0,42037.0,1.7279073197421317
06,California,00,Total for All NAICS,2011,272650.0,44170.0,1.7334127235680326
06,California,00,Total for All NAICS,2012,270846.0,44571.0,1.7429880415516816
06,California,00,Total for All NAICS,2013,280677.0,47397.0,1.8735907335907336
06,California,00,Total for All NAICS,2014,290439.0,47391.0,1.9422601337806755
06,California,00,Total for All NAICS,2015,306717.0,50185.0,1.9882104214406695
06,California,00,Total for All NAICS,2016,315367.0,49500.0,1.9946765656565657
06,California,00,Total for All NAICS,2017,328224.0,49630.0,2.035567398750756
06,California,00,Total for All NAICS,2018,367014.0,55473.0,
06,California,00,Total for All NAICS,2019,368230.0,52755.0,
06,California,00,Total for All NAICS,2020,440258.0,56120.0,
06,California,00,Total for All NAICS,2021,521790.0,66665.0,
06,California,00,Total for All NAICS,2022,,,
08,Colorado,00,Total for All NAICS,2004,,,
08,Colorado,00,Total for All NAICS,2005,56135.0,11441.0,1.522013809981645
08,Colorado,00,Total for All NAICS,2006,59414.0,10861.0,1.562598287450511
08,Colorado,00,Total for All NAICS,2007,61420.0,9983.0,1.5259681458479415
08,Colorado,00,Total for All NAICS,2008,59187.0,8161.0,1.5523428501409142
08,Colorado,00,Total for All NAICS,2009,59301.0,7953.0,1.7224569344901293
08,Colorado,00,Total for All NAICS,2010,61793.0,7540.0,1.786290450928382
08,Colorado,00,Total for All NAICS,2011,59845.0,7291.0,1.808125085722123
08,Colorado,00,Total for All NAICS,2012,61152.0,7477.0,1.7266590878694663
08,Colorado,00,Total for All NAICS,2013,63970.0,7785.0,1.9427206165703275
08,Colorado,00,Total for All NAICS,2014,68895.0,8393.0,1.977407363278923
08,Colorado,00,Total for All NAICS,2015,72256.0,8655.0,2.106589254766031
08,Colorado,00,Total for All NAICS,2016,75491.0,8491.0,2.1258344129077846
08,Colorado,00,Total for All NAICS,2017,80725.0,8554.0,2.1206231003039515
08,Colorado,00,Total for All NAICS,2018,88297.0,9300.0,
08,Colorado,00,Total for All NAICS,2019,86786.0,8677.0,
08,Colorado,00,Total for All NAICS,2020,93533.0,8687.0,
08,Colorado,00,Total for All NAICS,2021,111363.0,10085.0,
08,Colorado,00,Total for All NAICS,2022,,,
09,Connecticut,00,Total for All NAICS,2004,,,
09,Connecticut,00,Total for All NAICS,2005,28608.0,4281.0,1.5060943704741883
09,Connecticut,00,Total for All NAICS,2006,30778.0,4054.0,1.6089220522940306
09,Connecticut,00,Total for All NAICS,2007,30031.0,3602.0,1.5588339811215992
09,Connecticut,00,Total for All NAICS,2008,27934.0,2968.0,1.6132378706199462
09,Connecticut,00,Total for All NAICS,2009,26114.0,2800.0,1.6923607142857142
09,Connecticut,00,Total for All NAICS,2010,26426.0,2908.0,1.7660935350756535
09,Connecticut,00,Total for All NAICS,2011,26201.0,2940.0,1.7482517006802722
09,Connecticut,00,Total for All NAICS,2012,27054.0,2915.0,1.7184631217838764
09,Connecticut,00,Total for All NAICS,2013,26297.0,2837.0,1.871191399365527
09,Connecticut,00,Total for All NAICS,2014,26304.0,2765.0,2.0429439421338156
09,Connecticut,00,Total for All NAICS,2015,26383.0,2845.0,1.9613813708260106
09,Connecticut,00,Total for All NAICS,2016,27905.0,2622.0,2.0588749046529364
09,Connecticut,00,Total for All NAICS,2017,30256.0,2735.0,2.0594478976234005
09,Connecticut,00,Total for All NAICS,2018,34111.0,2965.0,
09,Connecticut,00,Total for All NAICS,2019,32871.0,2922.0,
09,Connecticut,00,Total for All NAICS,2020,37477.0,2976.0,
09,Connecticut,00,Total for All NAICS,2021,47348.0,3815.0,
09,Connecticut,00,Total for All NAICS,2022,,,
10,Delaware,00,Total for All NAICS,2004,,,
10,Delaware,00,Total for All NAICS,2005,11424.0,1508.0,1.6981366047745359
10,Delaware,00,Total for All NAICS,2006,11678.0,1368.0,1.7539473684210527
10,Delaware,00,Total for All NAICS,2007,13323.0,,
10,Delaware,00,Total for All NAICS,2008,13244.0,,
10,Delaware,00,Total for All NAICS,2009,12850.0,,
10,Delaware,00,Total for All NAICS,2010,13122.0,1131.0,1.9072148541114058
10,Delaware,00,Total for All NAICS,2011,14721.0,,
10,Delaware,00,Total for All NAICS,2012,15590.0,,
10,Delaware,00,Total for All NAICS,2013,15776.0,,
10,Delaware,00,Total for All NAICS,2014,16716.0,1282.0,2.2196645865834634
10,Delaware,00,Total for All NAICS,2015,17152.0,1360.0,2.1553235294117647
10,Delaware,00,Total for All NAICS,2016,19767.0,1425.0,2.1989263157894734
10,Delaware,00,Total for All NAICS,2017,23203.0,1460.0,2.2908013698630136
10,Delaware,00,Total for All NAICS,2018,26397.0,1612.0,
10,Delaware,00,Total for All NAICS,2019,25971.0,1651.0,
10,Delaware,00,Total for All NAICS,2020,31053.0,1921.0,
10,Delaware,00,Total for All NAICS,2021,44987.0,2706.0,
10,Delaware,00,Total for All NAICS,2022,,,
11,District of Columbia,00,Total for All NAICS,2004,,,
11,District of Columbia,00,Total for All NAICS,2005,7346.0,,
11,District of Columbia,00,Total for All NAICS,2006,7997.0,,
11,District of Columbia,00,Total for All NAICS,2007,7893.0,,
11,District of Columbia,00,Total for All NAICS,2008,7969.0,,
11,District of Columbia,00,Total for All NAICS,2009,7731.0,,
11,District of Columbia,00,Total for All NAICS,2010,7986.0,,
11,District of Columbia,00,Total for All NAICS,2011,8517.0,,
11,District of Columbia,00,Total for All NAICS,2012,8482.0,,
11,District of Columbia,00,Total for All NAICS,2013,8568.0,,
11,District of Columbia,00,Total for All NAICS,2014,9262.0,,
11,District of Columbia,00,Total for All NAICS,2015,10058.0,,
11,District of Columbia,00,Total for All NAICS,2016,9889.0,,
11,District of Columbia,00,Total for All NAICS,2017,10716.0,,
11,District of Columbia,00,Total for All NAICS,2018,11930.0,867.0,
11,District of Columbia,00,Total for All NAICS,2019,12341.0,870.0,
11,District of Columbia,00,Total for All NAICS,2020,14661.0,835.0,
11,District of Columbia,00,Total for All NAICS,2021,16900.0,1000.0,
11,District of Columbia,00,Total for All NAICS,2022,,,
12,Florida,00,Total for All NAICS,2004,,,
12,Florida,00,Total for All NAICS,2005,283938.0,44426.0,1.8629773105838925
12,Florida,00,Total for All NAICS,2006,290193.0,38484.0,1.8894740671447876
12,Florida,00,Total for All NAICS,2007,280923.0,32745.0,1.8314448007329365
12,Florida,00,Total for All NAICS,2008,253798.0,27004.0,1.9493826840468078
12,Florida,00,Total for All NAICS,2009,246309.0,26928.0,2.059322638146168
12,Florida,00,Total for All NAICS,2010,255052.0,27424.0,2.0734342182030336
12,Florida,00,Total for All NAICS,2011,270396.0,27925.0,2.060865532676813
12,Florida,00,Total for All NAICS,2012,272022.0,27442.0,2.045937249471613
12,Florida,00,Total for All NAICS,2013,282089.0,28876.0,2.1642152652721984
12,Florida,00,Total for All NAICS,2014,296470.0,29849.0,2.19726724513384
12,Florida,00,Total for All NAICS,2015,321099.0,30830.0,2.2131388258190077
12,Florida,00,Total for All NAICS,2016,343064.0,30722.0,2.251331944534861
12,Florida,00,Total for All NAICS,2017,361253.0,31035.0,2.2637876590945702
12,Florida,00,Total for All NAICS,2018,395241.0,33590.0,
12,Florida,00,Total for All NAICS,2019,394181.0,31862.0,
12,Florida,00,Total for All NAICS,2020,502467.0,36651.0,
12,Florida,00,Total for All NAICS,2021,634843.0,46595.0,
12,Florida,00,Total for All NAICS,2022,,,
13,Georgia,00,Total for All NAICS,2004,,,
13,Georgia,00,Total for All NAICS,2005,97978.0,16070.0,1.5739794648413192
13,Georgia,00,Total for All NAICS,2006,110034.0,15650.0,1.600417891373802
13,Georgia,00,Total for All NAICS,2007,115878.0,13874.0,1.5655139109124985
13,Georgia,00,Total for All NAICS,2008,110934.0,10937.0,1.6491396178111
13,Georgia,00,Total for All NAICS,2009,108464.0,9981.0,1.8087355976355073
13,Georgia,00,Total for All NAICS,2010,109104.0,10073.0,1.7968946689169065
13,Georgia,00,Total for All NAICS,2011,111377.0,9929.0,1.830507603988317
13,Georgia,00,Total for All NAICS,2012,111596.0,9884.0,1.8376173613921492
13,Georgia,00,Total for All NAICS,2013,107872.0,9956.0,1.9375632784250705
13,Georgia,00,Total for All NAICS,2014,114613.0,10476.0,2.0450353188239787
13,Georgia,00,Total for All NAICS,2015,122561.0,10646.0,2.0834839376291567
13,Georgia,00,Total for All NAICS,2016,133917.0,10703.0,2.070484910772681
13,Georgia,00,Total for All NAICS,2017,145474.0,10954.0,2.1567710425415374
13,Georgia,00,Total for All NAICS,2018,161189.0,12162.0,
13,Georgia,00,Total for All NAICS,2019,172747.0,12388.0,
13,Georgia,00,Total for All NAICS,2020,273727.0,16228.0,
13,Georgia,00,Total for All NAICS,2021,325929.0,19996.0,
13,Georgia,00,Total for All NAICS,2022,,,
15,Hawaii,00,Total for All NAICS,2004,,,
15,Hawaii,00,Total for All NAICS,2005,9666.0,,
15,Hawaii,00,Total for All NAICS,2006,10592.0,,
15,Hawaii,00,Total for All NAICS,2007,10911.0,,
15,Hawaii,00,Total for All NAICS,2008,10848.0,,
15,Hawaii,00,Total for All NAICS,2009,9787.0,,
15,Hawaii,00,Total for All NAICS,2010,10103.0,,
15,Hawaii,00,Total for All NAICS,2011,10749.0,1025.0,2.044478048780488
15,Hawaii,00,Total for All NAICS,2012,11036.0,,
15,Hawaii,00,Total for All NAICS,2013,10971.0,1046.0,2.13585086042065
15,Hawaii,00,Total for All NAICS,2014,11097.0,,
15,Hawaii,00,Total for All NAICS,2015,11840.0,1084.0,2.252546125461255
15,Hawaii,00,Total for All NAICS,2016,12009.0,,
15,Hawaii,00,Total for All NAICS,2017,12753.0,,
15,Hawaii,00,Total for All NAICS,2018,15448.0,1201.0,
15,Hawaii,00,Total for All NAICS,2019,14540.0,1121.0,
15,Hawaii,00,Total for All NAICS,2020,15684.0,1112.0,
15,Hawaii,00,Total for All NAICS,2021,19211.0,1390.0,
15,Hawaii,00,Total for All NAICS,2022,,,
16,Idaho,00,Total for All NAICS,2004,,,
16,Idaho,00,Total for All NAICS,2005,15207.0,4067.0,1.272318662404721
16,Idaho,00,Total for All NAICS,2006,17134.0,3954.0,1.2514036418816388
16,Idaho,00,Total for All NAICS,2007,16823.0,3197.0,1.2352768220206445
16,Idaho,00,Total for All NAICS,2008,14588.0,2287.0,1.3982203760384784
16,Idaho,00,Total for All NAICS,2009,12933.0,1908.0,1.5160220125786164
16,Idaho,00,Total for All NAICS,2010,12902.0,1869.0,1.585880149812734
16,Idaho,00,Total for All NAICS,2011,13318.0,1928.0,1.6767375518672198
16,Idaho,00,Total for All NAICS,2012,13373.0,1861.0,1.5481676518001073
16,Idaho,00,Total for All NAICS,2013,13373.0,2072.0,1.633199806949807
16,Idaho,00,Total for All NAICS,2014,13690.0,2110.0,1.6844691943127963
16,Idaho,00,Total for All NAICS,2015,14918.0,2312.0,1.7842863321799305
16,Idaho,00,Total for All NAICS,2016,17467.0,2549.0,1.8972734405649272
16,Idaho,00,Total for All NAICS,2017,17951.0,2738.0,1.8492403214024837
16,Idaho,00,Total for All NAICS,2018,22777.0,3257.0,
16,Idaho,00,Total for All NAICS,2019,21609.0,3135.0,
16,Idaho,00,Total for All NAICS,2020,22129.0,3128.0,
16,Idaho,00,Total for All NAICS,2021,28470.0,3935.0,
16,Idaho,00,Total for All NAICS,2022,,,
17,Illinois,00,Total for All NAICS,2004,,,
17,Illinois,00,Total for All NAICS,2005,96039.0,18095.0,1.6857247858524453
17,Illinois,00,Total for All NAICS,2006,98428.0,17024.0,1.701081414473684
17,Illinois,00,Total for All NAICS,2007,100413.0,15884.0,1.6514020397884663
17,Illinois,00,Total for All NAICS,2008,104714.0,14039.0,1.6843756677826056
17,Illinois,00,Total for All NAICS,2009,96800.0,13230.0,1.8784474678760394
17,Illinois,00,Total for All NAICS,2010,99366.0,13421.0,1.8576283436405632
17,Illinois,00,Total for All NAICS,2011,100234.0,13327.0,1.8714264275530876
17,Illinois,00,Total for All NAICS,2012,96550.0,13297.0,1.8314762728434986
17,Illinois,00,Total for All NAICS,2013,95995.0,13163.0,1.9783506799361847
17,Illinois,00,Total for All NAICS,2014,97365.0,13079.0,2.0430224023243366
17,Illinois,00,Total for All NAICS,2015,99466.0,13161.0,2.0357039738621685
17,Illinois,00,Total for All NAICS,2016,100849.0,12701.0,2.0603550901503818
17,Illinois,00,Total for All NAICS,2017,104805.0,12467.0,2.1307090719499477
17,Illinois,00,Total for All NAICS,2018,117044.0,13502.0,
17,Illinois,00,Total for All NAICS,2019,118111.0,12876.0,
17,Illinois,00,Total for All NAICS,2020,173342.0,15264.0,
17,Illinois,00,Total for All NAICS,2021,197717.0,17961.0,
17,Illinois,00,Total for All NAICS,2022,,,
18,Indiana,00,Total for All NAICS,2004,,,
18,Indiana,00,Total for All NAICS,2005,38139.0,7712.0,1.3393892634854774
18,Indiana,00,Total for All NAICS,2006,39356.0,7313.0,1.412726651169151
18,Indiana,00,Total for All NAICS,2007,40405.0,6669.0,1.35685110211426
18,Indiana,00,Total for All NAICS,2008,42773.0,5283.0,1.4936948703388226
18,Indiana,00,Total for All NAICS,2009,49351.0,4868.0,1.632109695973706
18,Indiana,00,Total for All NAICS,2010,45425.0,4901.0,1.6474331769026729
18,Indiana,00,Total for All NAICS,2011,45126.0,4986.0,1.686919374247894
18,Indiana,00,Total for All NAICS,2012,44409.0,5021.0,1.6345249950209124
18,Indiana,00,Total for All NAICS,2013,42947.0,4874.0,1.8383422240459582
18,Indiana,00,Total for All NAICS,2014,42111.0,4710.0,1.8564607218683653
18,Indiana,00,Total for All NAICS,2015,43857.0,4977.0,1.8942354832228252
18,Indiana,00,Total for All NAICS,2016,45130.0,4945.0,1.97
18,Indiana,00,Total for All NAICS,2017,48371.0,5027.0,1.987728267356276
18,Indiana,00,Total for All NAICS,2018,52449.0,5320.0,
18,Indiana,00,Total for All NAICS,2019,54166.0,5364.0,
18,Indiana,00,Total for All NAICS,2020,69441.0,6002.0,
18,Indiana,00,Total for All NAICS,2021,86833.0,7552.0,
18,Indiana,00,Total for All NAICS,2022,,,
19,Iowa,00,Total for All NAICS,2004,,,
19,Iowa,00,Total for All NAICS,2005,18043.0,4043.0,1.1713282216176109
19,Iowa,00,Total for All NAICS,2006,18776.0,3531.0,1.2872245822713113
19,Iowa,00,Total for All NAICS,2007,18584.0,,
19,Iowa,00,Total for All NAICS,2008,17733.0,2851.0,1.2345913714486145
19,Iowa,00,Total for All NAICS,2009,17249.0,2595.0,1.401329479768786
19,Iowa,00,Total for All NAICS,2010,18001.0,2646.0,1.4591421012849584
19,Iowa,00,Total for All NAICS,2011,18466.0,2566.0,1.4652338269680436
19,Iowa,00,Total for All NAICS,2012,18413.0,2559.0,1.47989449003517
19,Iowa,00,Total for All NAICS,2013,18031.0,2490.0,1.6463092369477914
19,Iowa,00,Total for All NAICS,2014,17732.0,2411.0,1.6513313977602655
19,Iowa,00,Total for All NAICS,2015,18862.0,2627.0,1.7783212790255043
19,Iowa,00,Total for All NAICS,2016,20058.0,2628.0,1.8558828006088282
19,Iowa,00,Total for All NAICS,2017,22752.0,2814.0,1.724502487562189
19,Iowa,00,Total for All NAICS,2018,24497.0,2995.0,
19,Iowa,00,Total for All NAICS,2019,22044.0,2669.0,
19,Iowa,00,Total for All NAICS,2020,24008.0,2725.0,
19,Iowa,00,Total for All NAICS,2021,29640.0,3474.0,
19,Iowa,00,Total for All NAICS,2022,,,
20,Kansas,00,Total for All NAICS,2004,,,
20,Kansas,00,Total for All NAICS,2005,19014.0,4188.0,1.1936055396370582
20,Kansas,00,Total for All NAICS,2006,19637.0,3736.0,1.2578800856531047
20,Kansas,00,Total for All NAICS,2007,19079.0,3464.0,1.3059382217090068
20,Kansas,00,Total for All NAICS,2008,18295.0,2962.0,1.2703241053342336
20,Kansas,00,Total for All NAICS,2009,18570.0,,
20,Kansas,00,Total for All NAICS,2010,19030.0,2726.0,1.4942809977989728
20,Kansas,00,Total for All NAICS,2011,19749.0,2779.0,1.5649190356243252
20,Kansas,00,Total for All NAICS,2012,19669.0,2651.0,1.5701584307808374
20,Kansas,00,Total for All NAICS,2013,19478.0,2719.0,1.5984295696947408
20,Kansas,00,Total for All NAICS,2014,18837.0,2671.0,1.7056907525271432
20,Kansas,00,Total for All NAICS,2015,20397.0,2822.0,1.6881856839121192
20,Kansas,00,Total for All NAICS,2016,21368.0,2676.0,1.748071748878924
20,Kansas,00,Total for All NAICS,2017,21937.0,2562.0,1.7809445745511319
20,Kansas,00,Total for All NAICS,2018,24483.0,2806.0,
20,Kansas,00,Total for All NAICS,2019,22518.0,2683.0,
20,Kansas,00,Total for All NAICS,2020,24528.0,2688.0,
20,Kansas,00,Total for All NAICS,2021,30395.0,3336.0,
20,Kansas,00,Total for All NAICS,2022,,,
21,Kentucky,00,Total for All NAICS,2004,,,
21,Kentucky,00,Total for All NAICS,2005,25592.0,4797.0,1.3005503439649782
21,Kentucky,00,Total for All NAICS,2006,25936.0,4464.0,1.3345698924731184
21,Kentucky,00,Total for All NAICS,2007,25132.0,4074.0,1.3390598919980363
21,Kentucky,00,Total for All NAICS,2008,24760.0,3409.0,1.321340569081842
21,Kentucky,00,Total for All NAICS,2009,23645.0,3301.0,1.447325053014238
21,Kentucky,00,Total for All NAICS,2010,24914.0,3355.0,1.5374843517138599
21,Kentucky,00,Total for All NAICS,2011,25041.0,3301.0,1.5225810360496819
21,Kentucky,00,Total for All NAICS,2012,25193.0,3318.0,1.575675105485232
21,Kentucky,00,Total for All NAICS,2013,25193.0,3479.0,1.5998677780971544
21,Kentucky,00,Total for All NAICS,2014,24937.0,3105.0,1.7137391304347827
21,Kentucky,00,Total for All NAICS,2015,25392.0,3247.0,1.7629781336618415
21,Kentucky,00,Total for All NAICS,2016,27301.0,3167.0,1.817470792548153
21,Kentucky,00,Total for All NAICS,2017,30743.0,3151.0,1.8309330371310697
21,Kentucky,00,Total for All NAICS,2018,33937.0,3391.0,
21,Kentucky,00,Total for All NAICS,2019,33113.0,3349.0,
21,Kentucky,00,Total for All NAICS,2020,37428.0,3395.0,
21,Kentucky,00,Total for All NAICS,2021,47304.0,4391.0,
21,Kentucky,00,Total for All NAICS,2022,,,
22,Louisiana,00,Total for All NAICS,2004,,,
22,Louisiana,00,Total for All NAICS,2005,36421.0,5427.0,1.4949382716049382
22,Louisiana,00,Total for All NAICS,2006,41300.0,5678.0,1.5826946107784432
22,Louisiana,00,Total for All NAICS,2007,39865.0,4929.0,1.5760113613308988
22,Louisiana,00,Total for All NAICS,2008,38571.0,4180.0,1.5678157894736842
22,Louisiana,00,Total for All NAICS,2009,36824.0,3784.0,1.6949418604651163
22,Louisiana,00,Total for All NAICS,2010,39909.0,3853.0,1.7615079159096807
22,Louisiana,00,Total for All NAICS,2011,40533.0,3993.0,1.7610042574505387
22,Louisiana,00,Total for All NAICS,2012,39346.0,3780.0,1.8085026455026456
22,Louisiana,00,Total for All NAICS,2013,39235.0,3700.0,1.8273432432432433
22,Louisiana,00,Total for All NAICS,2014,39210.0,3743.0,1.8789286668447769
22,Louisiana,00,Total for All NAICS,2015,44899.0,3753.0,2.008542499333866
22,Louisiana,00,Total for All NAICS,2016,49760.0,3555.0,2.018379746835443
22,Louisiana,00,Total for All NAICS,2017,52779.0,3769.0,2.0576306712655876
22,Louisiana,00,Total for All NAICS,2018,54358.0,3832.0,
22,Louisiana,00,Total for All NAICS,2019,54181.0,3514.0,
22,Louisiana,00,Total for All NAICS,2020,84616.0,4527.0,
22,Louisiana,00,Total for All NAICS,2021,99978.0,5380.0,
22,Louisiana,00,Total for All NAICS,2022,,,
23,Maine,00,Total for All NAICS,2004,,,
23,Maine,00,Total for All NAICS,2005,9204.0,,
23,Maine,00,Total for All NAICS,2006,9294.0,,
23,Maine,00,Total for All NAICS,2007,8710.0,,
23,Maine,00,Total for All NAICS,2008,7762.0,,
23,Maine,00,Total for All NAICS,2009,7086.0,,
23,Maine,00,Total for All NAICS,2010,7521.0,,
23,Maine,00,Total for All NAICS,2011,7361.0,,
23,Maine,00,Total for All NAICS,2012,7398.0,,
23,Maine,00,Total for All NAICS,2013,7313.0,,
23,Maine,00,Total for All NAICS,2014,7374.0,,
23,Maine,00,Total for All NAICS,2015,7830.0,,
23,Maine,00,Total for All NAICS,2016,8085.0,1519.0,1.7394535878867676
23,Maine,00,Total for All NAICS,2017,8864.0,,
23,Maine,00,Total for All NAICS,2018,10936.0,1725.0,
23,Maine,00,Total for All NAICS,2019,9996.0,1655.0,
23,Maine,00,Total for All NAICS,2020,10595.0,1641.0,
23,Maine,00,Total for All NAICS,2021,13523.0,2103.0,
23,Maine,00,Total for All NAICS,2022,,,
24,Maryland,00,Total for All NAICS,2004,,,
24,Maryland,00,Total for All NAICS,2005,54817.0,8202.0,1.6084906120458424
24,Maryland,00,Total for All NAICS,2006,58503.0,7491.0,1.6740755573354693
24,Maryland,00,Total for All NAICS,2007,58768.0,6508.0,1.6969391518131531
24,Maryland,00,Total for All NAICS,2008,54758.0,5248.0,1.7082869664634146
24,Maryland,00,Total for All NAICS,2009,49388.0,4889.0,1.8595602372673348
24,Maryland,00,Total for All NAICS,2010,51385.0,4830.0,1.9739233954451345
24,Maryland,00,Total for All NAICS,2011,52278.0,4886.0,1.957621776504298
24,Maryland,00,Total for All NAICS,2012,53562.0,4978.0,1.873985536359984
24,Maryland,00,Total for All NAICS,2013,57028.0,5307.0,2.0312587149048427
24,Maryland,00,Total for All NAICS,2014,57061.0,5117.0,2.1322904045339066
24,Maryland,00,Total for All NAICS,2015,59521.0,5244.0,2.2370766590389017
24,Maryland,00,Total for All NAICS,2016,62454.0,5070.0,2.2173648915187374
24,Maryland,00,Total for All NAICS,2017,68834.0,5134.0,2.268272302298403
24,Maryland,00,Total for All NAICS,2018,75341.0,5527.0,
24,Maryland,00,Total for All NAICS,2019,75777.0,5452.0,
24,Maryland,00,Total for All NAICS,2020,98643.0,6112.0,
24,Maryland,00,Total for All NAICS,2021,115013.0,7479.0,
24,Maryland,00,Total for All NAICS,2022,,,
25,Massachusetts,00,Total for All NAICS,2004,,,
25,Massachusetts,00,Total for All NAICS,2005,47262.0,9238.0,1.4262491881359602
25,Massachusetts,00,Total for All NAICS,2006,48425.0,8244.0,1.4724514798641435
25,Massachusetts,00,Total for All NAICS,2007,46852.0,7512.0,1.4467105963791265
25,Massachusetts,00,Total for All NAICS,2008,43214.0,6525.0,1.5602528735632184
25,Massachusetts,00,Total for All NAICS,2009,43668.0,6269.0,1.6792263518902535
25,Massachusetts,00,Total for All NAICS,2010,47394.0,6532.0,1.7871448254745868
25,Massachusetts,00,Total for All NAICS,2011,47032.0,6418.0,1.8154456216889996
25,Massachusetts,00,Total for All NAICS,2012,47323.0,6797.0,1.779383551566868
25,Massachusetts,00,Total for All NAICS,2013,48095.0,6820.0,1.8810029325513198
25,Massachusetts,00,Total for All NAICS,2014,48966.0,6786.0,1.9312923666371942
25,Massachusetts,00,Total for All NAICS,2015,50355.0,7269.0,1.9520759389186957
25,Massachusetts,00,Total for All NAICS,2016,51837.0,7167.0,1.9644397934979767
25,Massachusetts,00,Total for All NAICS,2017,55218.0,7367.0,1.972741957377494
25,Massachusetts,00,Total for All NAICS,2018,59500.0,7937.0,
25,Massachusetts,00,Total for All NAICS,2019,57351.0,7495.0,
25,Massachusetts,00,Total for All NAICS,2020,62131.0,7410.0,
25,Massachusetts,00,Total for All NAICS,2021,75818.0,9208.0,
25,Massachusetts,00,Total for All NAICS,2022,,,
26,Michigan,00,Total for All NAICS,2004,,,
26,Michigan,00,Total for All NAICS,2005,76468.0,12366.0,1.444566553453016
26,Michigan,00,Total for All NAICS,2006,78670.0,11224.0,1.5929303278688525
26,Michigan,00,Total for All NAICS,2007,79766.0,10014.0,1.5359047333732774
26,Michigan,00,Total for All NAICS,2008,76997.0,8339.0,1.5896882120158293
26,Michigan,00,Total for All NAICS,2009,73993.0,7784.0,1.7689940904419321
26,Michigan,00,Total for All NAICS,2010,76492.0,7959.0,1.7564568413117225
26,Michigan,00,Total for All NAICS,2011,76023.0,7876.0,1.765401218892839
26,Michigan,00,Total for All NAICS,2012,74902.0,7626.0,1.7775675321269342
26,Michigan,00,Total for All NAICS,2013,73037.0,7805.0,1.897172325432415
26,Michigan,00,Total for All NAICS,2014,73268.0,7827.0,1.9756126229717643
26,Michigan,00,Total for All NAICS,2015,75333.0,7766.0,1.974196497553438
26,Michigan,00,Total for All NAICS,2016,79924.0,7646.0,2.045685325660476
26,Michigan,00,Total for All NAICS,2017,84976.0,7798.0,2.0426853039240833
26,Michigan,00,Total for All NAICS,2018,94522.0,8354.0,
26,Michigan,00,Total for All NAICS,2019,94788.0,7969.0,
26,Michigan,00,Total for All NAICS,2020,132931.0,9187.0,
26,Michigan,00,Total for All NAICS,2021,150782.0,10912.0,
26,Michigan,00,Total for All NAICS,2022,,,
27,Minnesota,00,Total for All NAICS,2004,,,
27,Minnesota,00,Total for All NAICS,2005,40013.0,8717.0,1.4429448204657565
27,Minnesota,00,Total for All NAICS,2006,40089.0,7450.0,1.4856993288590603
27,Minnesota,00,Total for All NAICS,2007,40710.0,6864.0,1.4876442307692308
27,Minnesota,00,Total for All NAICS,2008,39024.0,5689.0,1.5192968887326421
27,Minnesota,00,Total for All NAICS,2009,44366.0,5642.0,1.7443654732364409
27,Minnesota,00,Total for All NAICS,2010,40000.0,5160.0,1.7354282945736432
27,Minnesota,00,Total for All NAICS,2011,39083.0,4975.0,1.7360643216080403
27,Minnesota,00,Total for All NAICS,2012,39945.0,5123.0,1.692980675385516
27,Minnesota,00,Total for All NAICS,2013,39268.0,5186.0,1.7934091785576551
27,Minnesota,00,Total for All NAICS,2014,38951.0,5187.0,1.8573221515326779
27,Minnesota,00,Total for All NAICS,2015,39781.0,5436.0,1.9225202354672553
27,Minnesota,00,Total for All NAICS,2016,40294.0,5263.0,1.9050864525935778
27,Minnesota,00,Total for All NAICS,2017,43650.0,5271.0,1.9985904003035477
27,Minnesota,00,Total for All NAICS,2018,47550.0,5644.0,
27,Minnesota,00,Total for All NAICS,2019,46239.0,5488.0,
27,Minnesota,00,Total for All NAICS,2020,53349.0,5900.0,
27,Minnesota,00,Total for All NAICS,2021,64934.0,7109.0,
27,Minnesota,00,Total for All NAICS,2022,,,
28,Mississippi,00,Total for All NAICS,2004,,,
28,Mississippi,00,Total for All NAICS,2005,19750.0,3315.0,1.2421779788838612
28,Mississippi,00,Total for All NAICS,2006,22513.0,,
28,Mississippi,00,Total for All NAICS,2007,22404.0,3005.0,1.2835540765391014
28,Mississippi,00,Total for All NAICS,2008,20485.0,2303.0,1.365883630047764
28,Mississippi,00,Total for All NAICS,2009,19743.0,2087.0,1.4689218974604694
28,Mississippi,00,Total for All NAICS,2010,19977.0,2193.0,1.4472093023255814
28,Mississippi,00,Total for All NAICS,2011,20578.0,2084.0,1.482130518234165
28,Mississippi,00,Total for All NAICS,2012,20140.0,2093.0,1.4951791686574294
28,Mississippi,00,Total for All NAICS,2013,20572.0,,
28,Mississippi,00,Total for All NAICS,2014,21313.0,2127.0,1.6329007992477667
28,Mississippi,00,Total for All NAICS,2015,23047.0,2145.0,1.7940839160839162
28,Mississippi,00,Total for All NAICS,2016,24935.0,2090.0,1.7659234449760766
28,Mississippi,00,Total for All NAICS,2017,28472.0,2024.0,1.7754693675889328
28,Mississippi,00,Total for All NAICS,2018,30547.0,2147.0,
28,Mississippi,00,Total for All NAICS,2019,31427.0,2195.0,
28,Mississippi,00,Total for All NAICS,2020,51757.0,2899.0,
28,Mississippi,00,Total for All NAICS,2021,65394.0,3579.0,
28,Mississippi,00,Total for All NAICS,2022,,,
29,Missouri,00,Total for All NAICS,2004,,,
29,Missouri,00,Total for All NAICS,2005,45090.0,9327.0,1.224670311997427
29,Missouri,00,Total for All NAICS,2006,47449.0,9007.0,1.1774031308981903
29,Missouri,00,Total for All NAICS,2007,45857.0,7329.0,1.2274034656842678
29,Missouri,00,Total for All NAICS,2008,43331.0,6164.0,1.269568462037638
29,Missouri,00,Total for All NAICS,2009,41638.0,5888.0,1.4443783967391304
29,Missouri,00,Total for All NAICS,2010,43473.0,5877.0,1.5111247234983833
29,Missouri,00,Total for All NAICS,2011,44008.0,5946.0,1.485977127480659
29,Missouri,00,Total for All NAICS,2012,44992.0,6148.0,1.4668802862719583
29,Missouri,00,Total for All NAICS,2013,44126.0,6339.0,1.474909291686386
29,Missouri,00,Total for All NAICS,2014,43831.0,6546.0,1.4756538344026886
29,Missouri,00,Total for All NAICS,2015,47651.0,6673.0,1.544552674958789
29,Missouri,00,Total for All NAICS,2016,51923.0,6543.0,1.579796729329054
29,Missouri,00,Total for All NAICS,2017,55254.0,5854.0,1.814128800819952
29,Missouri,00,Total for All NAICS,2018,59092.0,6517.0,
29,Missouri,00,Total for All NAICS,2019,59008.0,6318.0,
29,Missouri,00,Total for All NAICS,2020,70454.0,6753.0,
29,Missouri,00,Total for All NAICS,2021,84461.0,8218.0,
29,Missouri,00,Total for All NAICS,2022,,,
30,Montana,00,Total for All NAICS,2004,,,
30,Montana,00,Total for All NAICS,2005,11308.0,2627.0,1.2318614389036924
30,Montana,00,Total for All NAICS,2006,11513.0,2509.0,1.28210840972499
30,Montana,00,Total for All NAICS,2007,10921.0,,
30,Montana,00,Total for All NAICS,2008,10386.0,,
30,Montana,00,Total for All NAICS,2009,8855.0,,
30,Montana,00,Total for All NAICS,2010,9541.0,,
30,Montana,00,Total for All NAICS,2011,9772.0,,
30,Montana,00,Total for All NAICS,2012,9767.0,,
30,Montana,00,Total for All NAICS,2013,9720.0,,
30,Montana,00,Total for All NAICS,2014,10075.0,,
30,Montana,00,Total for All NAICS,2015,10656.0,1672.0,1.766202153110048
30,Montana,00,Total for All NAICS,2016,11149.0,1610.0,1.8974906832298137
30,Montana,00,Total for All NAICS,2017,12217.0,1650.0,1.9339151515151516
30,Montana,00,Total for All NAICS,2018,15418.0,1890.0,
30,Montana,00,Total for All NAICS,2019,14107.0,1753.0,
30,Montana,00,Total for All NAICS,2020,14966.0,1790.0,
30,Montana,00,Total for All NAICS,2021,19034.0,2314.0,
30,Montana,00,Total for All NAICS,2022,,,
31,Nebraska,00,Total for All NAICS,2004,,,
31,Nebraska,00,Total for All NAICS,2005,10839.0,2717.0,1.1746963562753037
31,Nebraska,00,Total for All NAICS,2006,11241.0,,
31,Nebraska,00,Total for All NAICS,2007,11082.0,2324.0,1.2746256454388984
31,Nebraska,00,Total for All NAICS,2008,10823.0,,
31,Nebraska,00,Total for All NAICS,2009,10470.0,,
31,Nebraska,00,Total for All NAICS,2010,10990.0,,
31,Nebraska,00,Total for All NAICS,2011,11736.0,1954.0,1.554790174002047
31,Nebraska,00,Total for All NAICS,2012,12210.0,,
31,Nebraska,00,Total for All NAICS,2013,12087.0,1924.0,1.5466839916839918
31,Nebraska,00,Total for All NAICS,2014,12374.0,1975.0,1.6930784810126582
31,Nebraska,00,Total for All NAICS,2015,12843.0,2115.0,1.7517635933806146
31,Nebraska,00,Total for All NAICS,2016,12874.0,2097.0,1.7117262756318552
31,Nebraska,00,Total for All NAICS,2017,14714.0,2030.0,1.7883645320197046
31,Nebraska,00,Total for All NAICS,2018,16493.0,2187.0,
31,Nebraska,00,Total for All NAICS,2019,14891.0,2119.0,
31,Nebraska,00,Total for All NAICS,2020,15966.0,2069.0,
31,Nebraska,00,Total for All NAICS,2021,19241.0,2555.0,
31,Nebraska,00,Total for All NAICS,2022,,,
32,Nevada,00,Total for All NAICS,2004,,,
32,Nevada,00,Total for All NAICS,2005,44138.0,5825.0,1.7706849785407726
32,Nevada,00,Total for All NAICS,2006,44510.0,5327.0,1.8294818847381265
32,Nevada,00,Total for All NAICS,2007,43245.0,4741.0,1.7384855515713984
32,Nevada,00,Total for All NAICS,2008,43122.0,3859.0,1.8194713656387667
32,Nevada,00,Total for All NAICS,2009,37703.0,3521.0,1.904618006248225
32,Nevada,00,Total for All NAICS,2010,36481.0,3703.0,1.898363489062922
32,Nevada,00,Total for All NAICS,2011,39273.0,3689.0,1.984808891298455
32,Nevada,00,Total for All NAICS,2012,38595.0,3816.0,1.9183464360587001
32,Nevada,00,Total for All NAICS,2013,39781.0,4012.0,2.1053614157527414
32,Nevada,00,Total for All NAICS,2014,41243.0,3949.0,2.117163838946569
32,Nevada,00,Total for All NAICS,2015,40355.0,4072.0,2.094376227897839
32,Nevada,00,Total for All NAICS,2016,40359.0,3809.0,2.1710790233657127
32,Nevada,00,Total for All NAICS,2017,43941.0,4021.0,2.1452001989554836
32,Nevada,00,Total for All NAICS,2018,45857.0,4363.0,
32,Nevada,00,Total for All NAICS,2019,42486.0,4095.0,
32,Nevada,00,Total for All NAICS,2020,52025.0,4687.0,
32,Nevada,00,Total for All NAICS,2021,67971.0,6004.0,
32,Nevada,00,Total for All NAICS,2022,,,
33,New Hampshire,00,Total for All NAICS,2004,,,
33,New Hampshire,00,Total for All NAICS,2005,10744.0,2087.0,1.256502156205079
33,New Hampshire,00,Total for All NAICS,2006,10574.0,,
33,New Hampshire,00,Total for All NAICS,2007,10337.0,,
33,New Hampshire,00,Total for All NAICS,2008,9605.0,,
33,New Hampshire,00,Total for All NAICS,2009,8879.0,,
33,New Hampshire,00,Total for All NAICS,2010,8372.0,,
33,New Hampshire,00,Total for All NAICS,2011,8696.0,,
33,New Hampshire,00,Total for All NAICS,2012,8817.0,,
33,New Hampshire,00,Total for All NAICS,2013,8452.0,,
33,New Hampshire,00,Total for All NAICS,2014,8346.0,,
33,New Hampshire,00,Total for All NAICS,2015,8683.0,,
33,New Hampshire,00,Total for All NAICS,2016,9162.0,,
33,New Hampshire,00,Total for All NAICS,2017,11304.0,1313.0,1.8184310738766183
33,New Hampshire,00,Total for All NAICS,2018,12879.0,1419.0,
33,New Hampshire,00,Total for All NAICS,2019,11087.0,1353.0,
33,New Hampshire,00,Total for All NAICS,2020,11327.0,1292.0,
33,New Hampshire,00,Total for All NAICS,2021,13731.0,1646.0,
33,New Hampshire,00,Total for All NAICS,2022,,,
34,New Jersey,00,Total for All NAICS,2004,,,
34,New Jersey,00,Total for All NAICS,2005,87752.0,14614.0,1.658382373066922
34,New Jersey,00,Total for All NAICS,2006,90569.0,13558.0,1.7491886708954123
34,New Jersey,00,Total for All NAICS,2007,93051.0,12051.0,1.713178159488839
34,New Jersey,00,Total for All NAICS,2008,88130.0,10055.0,1.7969746394828445
34,New Jersey,00,Total for All NAICS,2009,84045.0,9734.0,1.9873998356276965
34,New Jersey,00,Total for All NAICS,2010,87184.0,10104.0,1.9829552652414884
34,New Jersey,00,Total for All NAICS,2011,90195.0,10140.0,1.989784023668639
34,New Jersey,00,Total for All NAICS,2012,89448.0,10096.0,1.9726139064976227
34,New Jersey,00,Total for All NAICS,2013,91547.0,10399.0,2.058290220213482
34,New Jersey,00,Total for All NAICS,2014,88843.0,9916.0,2.1385760387252923
34,New Jersey,00,Total for All NAICS,2015,93161.0,9966.0,2.1456241220148504
34,New Jersey,00,Total for All NAICS,2016,95960.0,9844.0,2.145672490857375
34,New Jersey,00,Total for All NAICS,2017,102094.0,9821.0,2.1845341614906832
34,New Jersey,00,Total for All NAICS,2018,110167.0,10440.0,
34,New Jersey,00,Total for All NAICS,2019,113200.0,10194.0,
34,New Jersey,00,Total for All NAICS,2020,135599.0,10699.0,
34,New Jersey,00,Total for All NAICS,2021,164215.0,13211.0,
34,New Jersey,00,Total for All NAICS,2022,,,
35,New Mexico,00,Total for All NAICS,2004,,,
35,New Mexico,00,Total for All NAICS,2005,11620.0,2821.0,1.317040056717476
35,New Mexico,00,Total for All NAICS,2006,13336.0,2829.0,1.3900388829975256
35,New Mexico,00,Total for All NAICS,2007,14252.0,2436.0,1.3496264367816093
35,New Mexico,00,Total for All NAICS,2008,13535.0,1979.0,1.3504598281960587
35,New Mexico,00,Total for All NAICS,2009,11905.0,1662.0,1.5842839951865222
35,New Mexico,00,Total for All NAICS,2010,12209.0,1709.0,1.5914511410181393
35,New Mexico,00,Total for All NAICS,2011,12561.0,,
35,New Mexico,00,Total for All NAICS,2012,12421.0,1663.0,1.6074082982561635
35,New Mexico,00,Total for All NAICS,2013,12109.0,1547.0,1.6919327731092437
35,New Mexico,00,Total for All NAICS,2014,13066.0,1633.0,1.7535701163502755
35,New Mexico,00,Total for All NAICS,2015,12874.0,,
35,New Mexico,00,Total for All NAICS,2016,13108.0,,
35,New Mexico,00,Total for All NAICS,2017,16259.0,1697.0,1.9728815556865056
35,New Mexico,00,Total for All NAICS,2018,18011.0,1746.0,
35,New Mexico,00,Total for All NAICS,2019,17460.0,1714.0,
35,New Mexico,00,Total for All NAICS,2020,18040.0,1713.0,
35,New Mexico,00,Total for All NAICS,2021,24545.0,2216.0,
35,New Mexico,00,Total for All NAICS,2022,,,
36,New York,00,Total for All NAICS,2004,,,
36,New York,00,Total for All NAICS,2005,174083.0,31936.0,1.7173543962925852
36,New York,00,Total for All NAICS,2006,179181.0,30633.0,1.779745372637352
36,New York,00,Total for All NAICS,2007,183057.0,29037.0,1.730596135964459
36,New York,00,Total for All NAICS,2008,173782.0,26254.0,1.809441608897692
36,New York,00,Total for All NAICS,2009,171030.0,26294.0,1.8895040693694378
36,New York,00,Total for All NAICS,2010,185969.0,27261.0,1.9120145996111662
36,New York,00,Total for All NAICS,2011,190642.0,26963.0,1.9478388903311947
36,New York,00,Total for All NAICS,2012,188736.0,26958.0,1.9305975962608504
36,New York,00,Total for All NAICS,2013,194514.0,27554.0,2.02409886041954
36,New York,00,Total for All NAICS,2014,193443.0,25909.0,2.075981319232699
36,New York,00,Total for All NAICS,2015,201028.0,26763.0,2.109190300041101
36,New York,00,Total for All NAICS,2016,203962.0,25788.0,2.1381235458352723
36,New York,00,Total for All NAICS,2017,215355.0,25558.0,2.1787948978793334
36,New York,00,Total for All NAICS,2018,227736.0,26605.0,
36,New York,00,Total for All NAICS,2019,230302.0,25853.0,
36,New York,00,Total for All NAICS,2020,255111.0,25376.0,
36,New York,00,Total for All NAICS,2021,311022.0,31005.0,
36,New York,00,Total for All NAICS,2022,,,
37,North Carolina,00,Total for All NAICS,2004,,,
37,North Carolina,00,Total for All NAICS,2005,72475.0,14037.0,1.4497527961815202
37,North Carolina,00,Total for All NAICS,2006,76952.0,13259.0,1.4921283656384343
37,North Carolina,00,Total for All NAICS,2007,79739.0,12067.0,1.440225408137897
37,North Carolina,00,Total for All NAICS,2008,72607.0,9637.0,1.5461419528899034
37,North Carolina,00,Total for All NAICS,2009,68524.0,9087.0,1.6962099702872233
37,North Carolina,00,Total for All NAICS,2010,68879.0,8972.0,1.661401025412394
37,North Carolina,00,Total for All NAICS,2011,70816.0,8683.0,1.6699608430266037
37,North Carolina,00,Total for All NAICS,2012,70588.0,8647.0,1.6742766277321617
37,North Carolina,00,Total for All NAICS,2013,71332.0,8988.0,1.817946150422786
37,North Carolina,00,Total for All NAICS,2014,72306.0,9316.0,1.9013696865607557
37,North Carolina,00,Total for All NAICS,2015,79584.0,9919.0,1.9044520616997682
37,North Carolina,00,Total for All NAICS,2016,83270.0,10418.0,1.89953062008063
37,North Carolina,00,Total for All NAICS,2017,92026.0,10777.0,1.9723216108378954
37,North Carolina,00,Total for All NAICS,2018,98708.0,11320.0,
37,North Carolina,00,Total for All NAICS,2019,104170.0,11457.0,
37,North Carolina,00,Total for All NAICS,2020,134704.0,12936.0,
37,North Carolina,00,Total for All NAICS,2021,172848.0,17027.0,
37,North Carolina,00,Total for All NAICS,2022,,,
38,North Dakota,00,Total for All NAICS,2004,,,
38,North Dakota,00,Total for All NAICS,2005,4215.0,,
38,North Dakota,00,Total for All NAICS,2006,4463.0,,
38,North Dakota,00,Total for All NAICS,2007,4425.0,,
38,North Dakota,00,Total for All NAICS,2008,4561.0,,
38,North Dakota,00,Total for All NAICS,2009,4242.0,,
38,North Dakota,00,Total for All NAICS,2010,4892.0,,
38,North Dakota,00,Total for All NAICS,2011,6166.0,,
38,North Dakota,00,Total for All NAICS,2012,6691.0,,
38,North Dakota,00,Total for All NAICS,2013,6450.0,,
38,North Dakota,00,Total for All NAICS,2014,6692.0,,
38,North Dakota,00,Total for All NAICS,2015,6122.0,,
38,North Dakota,00,Total for All NAICS,2016,5763.0,,
38,North Dakota,00,Total for All NAICS,2017,7447.0,,
38,North Dakota,00,Total for All NAICS,2018,8614.0,934.0,
38,North Dakota,00,Total for All NAICS,2019,6832.0,883.0,
38,North Dakota,00,Total for All NAICS,2020,6562.0,810.0,
38,North Dakota,00,Total for All NAICS,2021,7987.0,1039.0,
38,North Dakota,00,Total for All NAICS,2022,,,
39,Ohio,00,Total for All NAICS,2004,,,
39,Ohio,00,Total for All NAICS,2005,66476.0,12188.0,1.355429110600591
39,Ohio,00,Total for All NAICS,2006,66884.0,11159.0,1.4563079128954208
39,Ohio,00,Total for All NAICS,2007,68323.0,10083.0,1.4198750371913123
39,Ohio,00,Total for All NAICS,2008,67348.0,8366.0,1.4783612240019124
39,Ohio,00,Total for All NAICS,2009,68037.0,7803.0,1.6565654235550429
39,Ohio,00,Total for All NAICS,2010,70100.0,7858.0,1.6714023924662762
39,Ohio,00,Total for All NAICS,2011,72975.0,7864.0,1.724604526958291
39,Ohio,00,Total for All NAICS,2012,72430.0,7757.0,1.6961286579863348
39,Ohio,00,Total for All NAICS,2013,70984.0,7452.0,1.850076489533011
39,Ohio,00,Total for All NAICS,2014,70468.0,7408.0,1.9022543196544277
39,Ohio,00,Total for All NAICS,2015,73932.0,7436.0,1.9551546530392685
39,Ohio,00,Total for All NAICS,2016,77370.0,7540.0,1.9788713527851458
39,Ohio,00,Total for All NAICS,2017,85617.0,7396.0,2.0498999459167115
39,Ohio,00,Total for All NAICS,2018,91439.0,8056.0,
39,Ohio,00,Total for All NAICS,2019,95354.0,8057.0,
39,Ohio,00,Total for All NAICS,2020,128346.0,9643.0,
39,Ohio,00,Total for All NAICS,2021,154778.0,11731.0,
39,Ohio,00,Total for All NAICS,2022,,,
40,Oklahoma,00,Total for All NAICS,2004,,,
40,Oklahoma,00,Total for All NAICS,2005,26968.0,5402.0,1.2732506479081822
40,Oklahoma,00,Total for All NAICS,2006,27941.0,5121.0,1.3529310681507518
40,Oklahoma,00,Total for All NAICS,2007,28035.0,4855.0,1.3231719876416066
40,Oklahoma,00,Total for All NAICS,2008,28795.0,4341.0,1.3438286109191429
40,Oklahoma,00,Total for All NAICS,2009,26746.0,3644.0,1.547502744237102
40,Oklahoma,00,Total for All NAICS,2010,27716.0,3725.0,1.5884429530201343
40,Oklahoma,00,Total for All NAICS,2011,28094.0,3918.0,1.6808218478815722
40,Oklahoma,00,Total for All NAICS,2012,28474.0,3861.0,1.576161616161616
40,Oklahoma,00,Total for All NAICS,2013,28843.0,3848.0,1.7440982328482328
40,Oklahoma,00,Total for All NAICS,2014,29135.0,3818.0,1.7000209533787325
40,Oklahoma,00,Total for All NAICS,2015,30036.0,3701.0,1.8344285328289651
40,Oklahoma,00,Total for All NAICS,2016,32938.0,3671.0,1.818706074639063
40,Oklahoma,00,Total for All NAICS,2017,35668.0,3606.0,1.9525818080976152
40,Oklahoma,00,Total for All NAICS,2018,40155.0,4158.0,
40,Oklahoma,00,Total for All NAICS,2019,41034.0,4227.0,
40,Oklahoma,00,Total for All NAICS,2020,45462.0,4224.0,
40,Oklahoma,00,Total for All NAICS,2021,57656.0,5226.0,
40,Oklahoma,00,Total for All NAICS,2022,,,
41,Oregon,00,Total for All NAICS,2004,,,
41,Oregon,00,Total for All NAICS,2005,29757.0,7524.0,1.3355954279638491
41,Oregon,00,Total for All NAICS,2006,32813.0,7172.0,1.3996904629113218
41,Oregon,00,Total for All NAICS,2007,33301.0,6492.0,1.3429574861367837
41,Oregon,00,Total for All NAICS,2008,31494.0,5084.0,1.4431136900078678
41,Oregon,00,Total for All NAICS,2009,29072.0,4545.0,1.6275973597359736
41,Oregon,00,Total for All NAICS,2010,29417.0,4585.0,1.5943991275899672
41,Oregon,00,Total for All NAICS,2011,29278.0,4581.0,1.6291923160881903
41,Oregon,00,Total for All NAICS,2012,28777.0,4548.0,1.6281442392260332
41,Oregon,00,Total for All NAICS,2013,29489.0,4756.0,1.6725399495374265
41,Oregon,00,Total for All NAICS,2014,29928.0,4942.0,1.8382557668959936
41,Oregon,00,Total for All NAICS,2015,34602.0,5366.0,1.8308292955646663
41,Oregon,00,Total for All NAICS,2016,36152.0,5490.0,1.8757723132969035
41,Oregon,00,Total for All NAICS,2017,38403.0,5555.0,1.9000018001800176
41,Oregon,00,Total for All NAICS,2018,41441.0,6051.0,
41,Oregon,00,Total for All NAICS,2019,39350.0,5495.0,
41,Oregon,00,Total for All NAICS,2020,40298.0,5196.0,
41,Oregon,00,Total for All NAICS,2021,49745.0,6540.0,
41,Oregon,00,Total for All NAICS,2022,,,
42,Pennsylvania,00,Total for All NAICS,2004,,,
42,Pennsylvania,00,Total for All NAICS,2005,75978.0,14414.0,1.4334639933398086
42,Pennsylvania,00,Total for All NAICS,2006,78317.0,13092.0,1.5231271005194011
42,Pennsylvania,00,Total for All NAICS,2007,78042.0,12518.0,1.505686211854929
42,Pennsylvania,00,Total for All NAICS,2008,73304.0,10364.0,1.5600231570822076
42,Pennsylvania,00,Total for All NAICS,2009,70607.0,9497.0,1.7214046541012953
42,Pennsylvania,00,Total for All NAICS,2010,72376.0,9665.0,1.724153129849974
42,Pennsylvania,00,Total for All NAICS,2011,74841.0,9712.0,1.7677110790774297
42,Pennsylvania,00,Total for All NAICS,2012,75171.0,9901.0,1.7584567215432785
42,Pennsylvania,00,Total for All NAICS,2013,76313.0,9692.0,1.8704096161782915
42,Pennsylvania,00,Total for All NAICS,2014,76081.0,9667.0,1.9594207096307026
42,Pennsylvania,00,Total for All NAICS,2015,80624.0,9899.0,1.997994746944136
42,Pennsylvania,00,Total for All NAICS,2016,84402.0,9808.0,2.074609502446982
42,Pennsylvania,00,Total for All NAICS,2017,91614.0,9850.0,2.148040609137056
42,Pennsylvania,00,Total for All NAICS,2018,98778.0,10725.0,
42,Pennsylvania,00,Total for All NAICS,2019,103150.0,10696.0,
42,Pennsylvania,00,Total for All NAICS,2020,128407.0,11990.0,
42,Pennsylvania,00,Total for All NAICS,2021,158758.0,15154.0,
42,Pennsylvania,00,Total for All NAICS,2022,,,
44,Rhode Island,00,Total for All NAICS,2004,,,
44,Rhode Island,00,Total for All NAICS,2005,7265.0,,
44,Rhode Island,00,Total for All NAICS,2006,7314.0,,
44,Rhode Island,00,Total for All NAICS,2007,7186.0,,
44,Rhode Island,00,Total for All NAICS,2008,6521.0,,
44,Rhode Island,00,Total for All NAICS,2009,6188.0,,
44,Rhode Island,00,Total for All NAICS,2010,6403.0,,
44,Rhode Island,00,Total for All NAICS,2011,6416.0,,
44,Rhode Island,00,Total for All NAICS,2012,6335.0,,
44,Rhode Island,00,Total for All NAICS,2013,6179.0,,
44,Rhode Island,00,Total for All NAICS,2014,6517.0,1094.0,1.9640767824497256
44,Rhode Island,00,Total for All NAICS,2015,6667.0,,
44,Rhode Island,00,Total for All NAICS,2016,6792.0,,
44,Rhode Island,00,Total for All NAICS,2017,8360.0,,
44,Rhode Island,00,Total for All NAICS,2018,10276.0,1248.0,
44,Rhode Island,00,Total for All NAICS,2019,8454.0,1147.0,
44,Rhode Island,00,Total for All NAICS,2020,9058.0,1155.0,
44,Rhode Island,00,Total for All NAICS,2021,11451.0,1516.0,
44,Rhode Island,00,Total for All NAICS,2022,,,
45,South Carolina,00,Total for All NAICS,2004,,,
45,South Carolina,00,Total for All NAICS,2005,33456.0,6735.0,1.3783103192279138
45,South Carolina,00,Total for All NAICS,2006,36293.0,6267.0,1.4713962023296632
45,South Carolina,00,Total for All NAICS,2007,37723.0,5572.0,1.4050664034458005
45,South Carolina,00,Total for All NAICS,2008,35805.0,4432.0,1.4776511732851985
45,South Carolina,00,Total for All NAICS,2009,32831.0,3907.0,1.6023726644484257
45,South Carolina,00,Total for All NAICS,2010,31896.0,3867.0,1.668608740625808
45,South Carolina,00,Total for All NAICS,2011,31935.0,3858.0,1.6666122343182996
45,South Carolina,00,Total for All NAICS,2012,32419.0,3937.0,1.6856515113030226
45,South Carolina,00,Total for All NAICS,2013,33357.0,4137.0,1.8265989847715738
45,South Carolina,00,Total for All NAICS,2014,34687.0,4407.0,1.9328091672339458
45,South Carolina,00,Total for All NAICS,2015,37895.0,4485.0,1.9155027870680046
45,South Carolina,00,Total for All NAICS,2016,41775.0,4468.0,1.9682027752909579
45,South Carolina,00,Total for All NAICS,2017,45535.0,4899.0,2.0573892631149215
45,South Carolina,00,Total for All NAICS,2018,49328.0,5191.0,
45,South Carolina,00,Total for All NAICS,2019,51857.0,5108.0,
45,South Carolina,00,Total for All NAICS,2020,71480.0,6031.0,
45,South Carolina,00,Total for All NAICS,2021,96195.0,8107.0,
45,South Carolina,00,Total for All NAICS,2022,,,
46,South Dakota,00,Total for All NAICS,2004,,,
46,South Dakota,00,Total for All NAICS,2005,5544.0,,
46,South Dakota,00,Total for All NAICS,2006,5834.0,,
46,South Dakota,00,Total for All NAICS,2007,5614.0,,
46,South Dakota,00,Total for All NAICS,2008,5513.0,,
46,South Dakota,00,Total for All NAICS,2009,5392.0,,
46,South Dakota,00,Total for All NAICS,2010,5622.0,,
46,South Dakota,00,Total for All NAICS,2011,5957.0,,
46,South Dakota,00,Total for All NAICS,2012,6019.0,,
46,South Dakota,00,Total for All NAICS,2013,6146.0,,
46,South Dakota,00,Total for All NAICS,2014,6363.0,,
46,South Dakota,00,Total for All NAICS,2015,6522.0,,
46,South Dakota,00,Total for All NAICS,2016,6335.0,,
46,South Dakota,00,Total for All NAICS,2017,8514.0,,
46,South Dakota,00,Total for All NAICS,2018,9732.0,1137.0,
46,South Dakota,00,Total for All NAICS,2019,7735.0,1060.0,
46,South Dakota,00,Total for All NAICS,2020,7705.0,1083.0,
46,South Dakota,00,Total for All NAICS,2021,10056.0,1412.0,
46,South Dakota,00,Total for All NAICS,2022,,,
47,Tennessee,00,Total for All NAICS,2004,,,
47,Tennessee,00,Total for All NAICS,2005,37258.0,7626.0,1.173611329661684
47,Tennessee,00,Total for All NAICS,2006,40807.0,7416.0,1.2482726537216828
47,Tennessee,00,Total for All NAICS,2007,42041.0,6842.0,1.194805612394037
47,Tennessee,00,Total for All NAICS,2008,38547.0,5295.0,1.2515920679886685
47,Tennessee,00,Total for All NAICS,2009,36630.0,5173.0,1.3874560216508796
47,Tennessee,00,Total for All NAICS,2010,37037.0,5221.0,1.42747749473281
47,Tennessee,00,Total for All NAICS,2011,43024.0,5063.0,1.5289689907169663
47,Tennessee,00,Total for All NAICS,2012,40443.0,4959.0,1.4514377898769915
47,Tennessee,00,Total for All NAICS,2013,40572.0,5035.0,1.6521827209533266
47,Tennessee,00,Total for All NAICS,2014,41868.0,5085.0,1.7300530973451327
47,Tennessee,00,Total for All NAICS,2015,44721.0,5232.0,1.7879529816513762
47,Tennessee,00,Total for All NAICS,2016,46958.0,5383.0,1.7798105145829461
47,Tennessee,00,Total for All NAICS,2017,51428.0,5451.0,1.8337791230966796
47,Tennessee,00,Total for All NAICS,2018,57190.0,5973.0,
47,Tennessee,00,Total for All NAICS,2019,59037.0,5894.0,
47,Tennessee,00,Total for All NAICS,2020,75298.0,6634.0,
47,Tennessee,00,Total for All NAICS,2021,94024.0,8645.0,
47,Tennessee,00,Total for All NAICS,2022,,,
48,Texas,00,Total for All NAICS,2004,,,
48,Texas,00,Total for All NAICS,2005,175678.0,32019.0,1.3820434741872014
48,Texas,00,Total for All NAICS,2006,187459.0,31734.0,1.4296606163736056
48,Texas,00,Total for All NAICS,2007,192576.0,30523.0,1.4310687022900763
48,Texas,00,Total for All NAICS,2008,188321.0,25896.0,1.482459453197405
48,Texas,00,Total for All NAICS,2009,186080.0,24811.0,1.6201600096731288
48,Texas,00,Total for All NAICS,2010,198097.0,26237.0,1.6494793612074552
48,Texas,00,Total for All NAICS,2011,206942.0,27440.0,1.6566373906705538
48,Texas,00,Total for All NAICS,2012,209332.0,27176.0,1.6459666617603768
48,Texas,00,Total for All NAICS,2013,213494.0,28170.0,1.7991210507632232
48,Texas,00,Total for All NAICS,2014,222698.0,29097.0,1.8653929958414956
48,Texas,00,Total for All NAICS,2015,239626.0,29534.0,1.9384709148777681
48,Texas,00,Total for All NAICS,2016,260990.0,30424.0,1.993750657375756
48,Texas,00,Total for All NAICS,2017,277128.0,31172.0,2.0083263826510973
48,Texas,00,Total for All NAICS,2018,300260.0,34026.0,
48,Texas,00,Total for All NAICS,2019,306815.0,33263.0,
48,Texas,00,Total for All NAICS,2020,388234.0,37595.0,
48,Texas,00,Total for All NAICS,2021,495118.0,48883.0,
48,Texas,00,Total for All NAICS,2022,,,
49,Utah,00,Total for All NAICS,2004,,,
49,Utah,00,Total for All NAICS,2005,29287.0,6309.0,1.5393644000634015
49,Utah,00,Total for All NAICS,2006,34455.0,6497.0,1.5584377404956133
49,Utah,00,Total for All NAICS,2007,36129.0,5812.0,1.46550240880936
49,Utah,00,Total for All NAICS,2008,34242.0,4393.0,1.5449328477122697
49,Utah,00,Total for All NAICS,2009,32627.0,3996.0,1.7049699699699699
49,Utah,00,Total for All NAICS,2010,31435.0,4006.0,1.765009985022466
49,Utah,00,Total for All NAICS,2011,31407.0,4079.0,1.7207477322873255
49,Utah,00,Total for All NAICS,2012,34675.0,3932.0,1.7354552390640894
49,Utah,00,Total for All NAICS,2013,37240.0,4062.0,1.8362333825701624
49,Utah,00,Total for All NAICS,2014,38605.0,4237.0,1.87343639367477
49,Utah,00,Total for All NAICS,2015,41294.0,4461.0,1.9306545617574533
49,Utah,00,Total for All NAICS,2016,43531.0,4711.0,1.9054659308002546
49,Utah,00,Total for All NAICS,2017,47262.0,5077.0,2.0472523143588734
49,Utah,00,Total for All NAICS,2018,49725.0,5425.0,
49,Utah,00,Total for All NAICS,2019,49801.0,5375.0,
49,Utah,00,Total for All NAICS,2020,50763.0,5425.0,
49,Utah,00,Total for All NAICS,2021,62908.0,6567.0,
49,Utah,00,Total for All NAICS,2022,,,
50,Vermont,00,Total for All NAICS,2004,,,
50,Vermont,00,Total for All NAICS,2005,4553.0,,
50,Vermont,00,Total for All NAICS,2006,4558.0,,
50,Vermont,00,Total for All NAICS,2007,4594.0,,
50,Vermont,00,Total for All NAICS,2008,4213.0,,
50,Vermont,00,Total for All NAICS,2009,3846.0,,
50,Vermont,00,Total for All NAICS,2010,4104.0,,
50,Vermont,00,Total for All NAICS,2011,3927.0,,
50,Vermont,00,Total for All NAICS,2012,4114.0,,
50,Vermont,00,Total for All NAICS,2013,3905.0,,
50,Vermont,00,Total for All NAICS,2014,4139.0,,
50,Vermont,00,Total for All NAICS,2015,4549.0,,
50,Vermont,00,Total for All NAICS,2016,4594.0,,
50,Vermont,00,Total for All NAICS,2017,5416.0,,
50,Vermont,00,Total for All NAICS,2018,6615.0,655.0,
50,Vermont,00,Total for All NAICS,2019,5605.0,670.0,
50,Vermont,00,Total for All NAICS,2020,5712.0,658.0,
50,Vermont,00,Total for All NAICS,2021,7524.0,789.0,
50,Vermont,00,Total for All NAICS,2022,,,
51,Virginia,00,Total for All NAICS,2004,,,
51,Virginia,00,Total for All NAICS,2005,64355.0,12772.0,1.5030034450360164
51,Virginia,00,Total for All NAICS,2006,68261.0,11541.0,1.5968018369292087
51,Virginia,00,Total for All NAICS,2007,68223.0,10260.0,1.5750701754385965
51,Virginia,00,Total for All NAICS,2008,65091.0,8191.0,1.6124185081186668
51,Virginia,00,Total for All NAICS,2009,63341.0,7636.0,1.8121097433211106
51,Virginia,00,Total for All NAICS,2010,61780.0,7676.0,1.82803804064617
51,Virginia,00,Total for All NAICS,2011,65066.0,7623.0,1.8198438934802572
51,Virginia,00,Total for All NAICS,2012,67923.0,7777.0,1.8507959367365308
51,Virginia,00,Total for All NAICS,2013,68966.0,7744.0,1.9962345041322314
51,Virginia,00,Total for All NAICS,2014,69989.0,7970.0,2.0536700125470513
51,Virginia,00,Total for All NAICS,2015,73169.0,7978.0,2.072197292554525
51,Virginia,00,Total for All NAICS,2016,75919.0,7838.0,2.0750574126052563
51,Virginia,00,Total for All NAICS,2017,81652.0,8014.0,2.1777626653356625
51,Virginia,00,Total for All NAICS,2018,86810.0,8335.0,
51,Virginia,00,Total for All NAICS,2019,88267.0,8211.0,
51,Virginia,00,Total for All NAICS,2020,107617.0,8836.0,
51,Virginia,00,Total for All NAICS,2021,130815.0,10965.0,
51,Virginia,00,Total for All NAICS,2022,,,
53,Washington,00,Total for All NAICS,2004,,,
53,Washington,00,Total for All NAICS,2005,49976.0,13208.0,1.2829890975166567
53,Washington,00,Total for All NAICS,2006,52232.0,12598.0,1.3473995872360693
53,Washington,00,Total for All NAICS,2007,53572.0,11717.0,1.2528983528206878
53,Washington,00,Total for All NAICS,2008,49292.0,9311.0,1.359046289335195
53,Washington,00,Total for All NAICS,2009,45487.0,8059.0,1.5488609008561858
53,Washington,00,Total for All NAICS,2010,47036.0,8369.0,1.5529095471382481
53,Washington,00,Total for All NAICS,2011,48653.0,8424.0,1.603662155745489
53,Washington,00,Total for All NAICS,2012,47918.0,8278.0,1.5593452524764435
53,Washington,00,Total for All NAICS,2013,48998.0,8540.0,1.7326533957845434
53,Washington,00,Total for All NAICS,2014,49785.0,9074.0,1.7928124311218867
53,Washington,00,Total for All NAICS,2015,53878.0,9564.0,1.8367869092429945
53,Washington,00,Total for All NAICS,2016,58432.0,10035.0,1.8902471350274042
53,Washington,00,Total for All NAICS,2017,62381.0,10294.0,1.890931610646979
53,Washington,00,Total for All NAICS,2018,69186.0,11305.0,
53,Washington,00,Total for All NAICS,2019,70785.0,10588.0,
53,Washington,00,Total for All NAICS,2020,75797.0,10204.0,
53,Washington,00,Total for All NAICS,2021,92806.0,12831.0,
53,Washington,00,Total for All NAICS,2022,,,
54,West Virginia,00,Total for All NAICS,2004,,,
54,West Virginia,00,Total for All NAICS,2005,9142.0,,
54,West Virginia,00,Total for All NAICS,2006,9462.0,,
54,West Virginia,00,Total for All NAICS,2007,9408.0,,
54,West Virginia,00,Total for All NAICS,2008,8926.0,,
54,West Virginia,00,Total for All NAICS,2009,8054.0,,
54,West Virginia,00,Total for All NAICS,2010,8310.0,,
54,West Virginia,00,Total for All NAICS,2011,8254.0,,
54,West Virginia,00,Total for All NAICS,2012,8601.0,,
54,West Virginia,00,Total for All NAICS,2013,8295.0,,
54,West Virginia,00,Total for All NAICS,2014,8517.0,,
54,West Virginia,00,Total for All NAICS,2015,8684.0,,
54,West Virginia,00,Total for All NAICS,2016,9306.0,,
54,West Virginia,00,Total for All NAICS,2017,10319.0,,
54,West Virginia,00,Total for All NAICS,2018,11185.0,1083.0,
54,West Virginia,00,Total for All NAICS,2019,9959.0,986.0,
54,West Virginia,00,Total for All NAICS,2020,10900.0,1017.0,
54,West Virginia,00,Total for All NAICS,2021,13293.0,1231.0,
54,West Virginia,00,Total for All NAICS,2022,,,
55,Wisconsin,00,Total for All NAICS,2004,,,
55,Wisconsin,00,Total for All NAICS,2005,37933.0,7082.0,1.305991245410901
55,Wisconsin,00,Total for All NAICS,2006,38094.0,6594.0,1.3848043676069153
55,Wisconsin,00,Total for All NAICS,2007,37748.0,5826.0,1.34259526261586
55,Wisconsin,00,Total for All NAICS,2008,36892.0,4823.0,1.356711590296496
55,Wisconsin,00,Total for All NAICS,2009,35215.0,4378.0,1.63035175879397
55,Wisconsin,00,Total for All NAICS,2010,36857.0,4300.0,1.6166697674418606
55,Wisconsin,00,Total for All NAICS,2011,36446.0,4261.0,1.6364327622623798
55,Wisconsin,00,Total for All NAICS,2012,36382.0,4241.0,1.685649610940816
55,Wisconsin,00,Total for All NAICS,2013,35754.0,4317.0,1.7588209404679176
55,Wisconsin,00,Total for All NAICS,2014,35707.0,4363.0,1.8633486133394452
55,Wisconsin,00,Total for All NAICS,2015,37475.0,4409.0,1.872222726241778
55,Wisconsin,00,Total for All NAICS,2016,37879.0,4407.0,1.983342409802587
55,Wisconsin,00,Total for All NAICS,2017,41299.0,4280.0,1.9401822429906541
55,Wisconsin,00,Total for All NAICS,2018,45447.0,4676.0,
55,Wisconsin,00,Total for All NAICS,2019,43844.0,4512.0,
55,Wisconsin,00,Total for All NAICS,2020,53098.0,4912.0,
55,Wisconsin,00,Total for All NAICS,2021,64899.0,6084.0,
55,Wisconsin,00,Total for All NAICS,2022,,,
56,Wyoming,00,Total for All NAICS,2004,,,
56,Wyoming,00,Total for All NAICS,2005,5494.0,,
56,Wyoming,00,Total for All NAICS,2006,6121.0,,
56,Wyoming,00,Total for All NAICS,2007,6512.0,,
56,Wyoming,00,Total for All NAICS,2008,7807.0,,
56,Wyoming,00,Total for All NAICS,2009,6983.0,,
56,Wyoming,00,Total for All NAICS,2010,7636.0,,
56,Wyoming,00,Total for All NAICS,2011,7889.0,,
56,Wyoming,00,Total for All NAICS,2012,7972.0,,
56,Wyoming,00,Total for All NAICS,2013,8513.0,,
56,Wyoming,00,Total for All NAICS,2014,8798.0,1153.0,1.816582827406765
56,Wyoming,00,Total for All NAICS,2015,9839.0,,
56,Wyoming,00,Total for All NAICS,2016,14029.0,,
56,Wyoming,00,Total for All NAICS,2017,17613.0,,
56,Wyoming,00,Total for All NAICS,2018,19624.0,1452.0,
56,Wyoming,00,Total for All NAICS,2019,18951.0,1469.0,
56,Wyoming,00,Total for All NAICS,2020,24514.0,1758.0,
56,Wyoming,00,Total for All NAICS,2021,33841.0,2308.0,
56,Wyoming,00,Total for All NAICS,2022,,,
